{
"DESCRIPTION" : {"LAT":"위도","MEAN_PRE":"평균강수량","ADDRESS":"주소","LNG":"경도","AWS_CDE":"관측소코드","NAM":"관측소명","OBJECTID":"고유번호"},
"DATA" : [
{"aws_cde":509.00000000,"nam":"관악","address":"서울특별시 관악구 신림동 산56-1 (서울대학교)","mean_pre":1404.41666700,"lng":"126.9502188","objectid":1,"lat":"37.4528634"},
{"aws_cde":417.00000000,"nam":"금천","address":"서울특별시 금천구 독산동 1034 (독산초등학교)","mean_pre":1337.83333300,"lng":"126.9141209","objectid":2,"lat":"37.4603141"},
{"aws_cde":401.00000000,"nam":"서초","address":"서울특별시 서초구 서초동 1650 (서울교육대학교)","mean_pre":1394.08333300,"lng":"127.0179133","objectid":3,"lat":"37.4828143"},
{"aws_cde":423.00000000,"nam":"구로","address":"서울특별시 구로구 궁동 213-42 (수궁동사무소)","mean_pre":1388.00000000,"lng":"126.8312293","objectid":4,"lat":"37.4861128"},
{"aws_cde":410.00000000,"nam":"기상청","address":"서울특별시 동작구 신대방동 460-18 (기상청)","mean_pre":1319.50000000,"lng":"126.920722","objectid":5,"lat":"37.4963142"},
{"aws_cde":403.00000000,"nam":"송파","address":"서울특별시 송파구 잠실동 40-1 (롯데월드)","mean_pre":1352.16666700,"lng":"127.0983106","objectid":6,"lat":"37.5110096"},
{"aws_cde":400.00000000,"nam":"강남","address":"서울특별시 강남구 삼성동 42 (삼릉초등학교)","mean_pre":1381.58333300,"lng":"127.0464123","objectid":7,"lat":"37.5122075"},
{"aws_cde":415.00000000,"nam":"용산","address":"서울특별시 용산구 이촌동 301-75 (신용산초등학교)","mean_pre":1325.70833300,"lng":"126.9754162","objectid":8,"lat":"37.5196055"},
{"aws_cde":418.00000000,"nam":"한강","address":"서울특별시 영등포구 여의도동 85-1 (세모유람선)","mean_pre":1189.66666700,"lng":"126.9373233","objectid":9,"lat":"37.5241055"},
{"aws_cde":405.00000000,"nam":"양천","address":"서울특별시 양천구 목동 915 (목동주차장)","mean_pre":1316.95833300,"lng":"126.8772291","objectid":10,"lat":"37.5268081"},
{"aws_cde":510.00000000,"nam":"영등포","address":"서울특별시 영등포구 당산동 121-22 (영동초등학교)","mean_pre":1330.08333300,"lng":"126.9059224","objectid":11,"lat":"37.5290091"},
{"aws_cde":413.00000000,"nam":"광진","address":"서울특별시 광진구 화양동 93-1 (건국대학교)","mean_pre":1347.70000000,"lng":"127.0770084","objectid":12,"lat":"37.5407037"},
{"aws_cde":411.00000000,"nam":"마포","address":"서울특별시 마포구 망원동 211-42 (마포제2빗물펌프장","mean_pre":1431.75000000,"lng":"126.9321232","objectid":13,"lat":"37.5459012"},
{"aws_cde":421.00000000,"nam":"성동","address":"서울특별시 성동구 성수동1가 684-14 (성수중학교)","mean_pre":1240.27777800,"lng":"127.0385114","objectid":14,"lat":"37.5478027"},
{"aws_cde":404.00000000,"nam":"강서","address":"서울특별시 강서구 화곡동 산60-1 (정보기능대학)","mean_pre":1351.70833300,"lng":"126.8479308","objectid":15,"lat":"37.5528023"},
{"aws_cde":402.00000000,"nam":"강동","address":"서울특별시 강동구 고덕동 317-1 (종합직업학교)","mean_pre":1465.70833300,"lng":"127.1463026","objectid":16,"lat":"37.554706"},
{"aws_cde":419.00000000,"nam":"중구","address":"서울특별시 중구 회현동1가 산1-19 (한국삭도(주))","mean_pre":1287.50000000,"lng":"126.9843189","objectid":17,"lat":"37.5562988"},
{"aws_cde":412.00000000,"nam":"서대문","address":"서울특별시 서대문구 신촌동 134 (연세대학교)","mean_pre":1358.95833300,"lng":"126.9445225","objectid":18,"lat":"37.5703995"},
{"aws_cde":408.00000000,"nam":"동대문","address":"서울특별시 동대문구 전농동 90 (서울시립대)","mean_pre":1480.20833300,"lng":"127.0480106","objectid":19,"lat":"37.5799984"},
{"aws_cde":409.00000000,"nam":"중랑","address":"서울특별시 중랑구 면목동 551 (면동초등학교)","mean_pre":1427.33333300,"lng":"127.0868052","objectid":20,"lat":"37.5862996"},
{"aws_cde":416.00000000,"nam":"은평","address":"서울특별시 은평구 불광동 280-17 (국립환경연구원)","mean_pre":1296.54166700,"lng":"126.9336226","objectid":21,"lat":"37.6111958"},
{"aws_cde":414.00000000,"nam":"성북","address":"서울특별시 성북구 정릉동 861-1 (국민대학교)","mean_pre":1489.08333300,"lng":"126.9972197","objectid":22,"lat":"37.613296"},
{"aws_cde":420.00000000,"nam":"북한산","address":"서울특별시 종로구 구기동 산1 (승가사)","mean_pre":1310.54166700,"lng":"126.9544188","objectid":23,"lat":"37.6182946"},
{"aws_cde":407.00000000,"nam":"노원","address":"서울특별시 노원구 공릉동 230-3 (육군사관학교)","mean_pre":1442.91666700,"lng":"127.0873044","objectid":24,"lat":"37.6221956"},
{"aws_cde":424.00000000,"nam":"강북","address":"서울특별시 강북구 수유동 192-49 (강북구청 본관)","mean_pre":1547.06250000,"lng":"126.9996128","objectid":25,"lat":"37.6360933"},
{"aws_cde":406.00000000,"nam":"도봉","address":"서울특별시 도봉구 방학동 310 (신방학초등학교)","mean_pre":1591.50000000,"lng":"127.0331096","objectid":26,"lat":"37.6660907"},
{"aws_cde":108.00000000,"nam":"서울","address":"서울특별시 종로구 송월동 1번지 (서울기상대)","mean_pre":1560.58333300,"lng":"126.9635149","objectid":27,"lat":"37.5741861"}
]
}